Workbook
Name Slicer_Area: #N/A
Name Slicer_Date__Month: #N/A

Sheet Area vs sales
A3: Row Labels | B3: Sum of Revenue
A4: Alexandria | B4: 219157.6
A5: Downtown | B5: 679891.6
A6: Heliopolis | B6: 445994.4
A7: New Cairo | B7: 200837.6
A8: October | B8: 215842.4
A9: Grand Total | B9: 1761723.6

Sheet Months vs Revenues
A3: Row Labels | B3: Sum of Revenue
A4: أبريل | B4: 233321.6
A5: مايو | B5: 396561.2
A6: يونيو | B6: 589126.8
A7: يوليو | B7: 542714
A8: Grand Total | B8: 1761723.6

Sheet Stores Vs revenues
A3: Row Labels | B3: Sum of Revenue
A4: Ahram Mall | B4: 90054.8
A5: Bibliotheque | B5: 37700.8
A6: Cilantro 9 ST | B6: 103708.8
A7: City Light | B7: 104645.6
A8: COOP Roushdy | B8: 63990
A9: CO-OP Salah Salem | B9: 36045.6
A10: Downtown | B10: 55906
A11: El Akkad | B11: 99682
A12: EL Mesaha | B12: 68434.4
A13: El Tahrir | B13: 120517.6
A14: Family Mall | B14: 85738
A15: Gleem | B15: 55490.4
... A30: Grand Total | B30: 1761723.6

Sheet Max_branch
A1: Area | B1: All
A3: Row Labels | B3: Sum of Revenue
A4: Total 90 | B4: 144931.6 | E4: Sum of Revenue
A5: El Tahrir | B5: 120517.6 | E5: 1761723.6
A6: City Light | B6: 104645.6
A7: Cilantro 9 ST | B7: 103708.8
A8: El Akkad | B8: 99682
A9: Grand Total | B9: 573485.6
E19: Sum of Revenue | F19: Distinct Count of Store Name
E20: 1761723.6 | F20: 27

Sheet Raw Data
A1: Store Name | B1: Area | C1: Date | D1: Revenue
A2: El Tahrir | B2: =VLOOKUP(A2,'Area Breakdown'!$B$1:$C$33,2,) -> Downtown | C2: 44287 | D2: 1197.6
A3: Haram | B3: =VLOOKUP(A3,'Area Breakdown'!$B$1:$C$33,2,) -> Downtown | C3: 44287 | D3: 1050.4
A4: City Light | B4: =VLOOKUP(A4,'Area Breakdown'!$B$1:$C$33,2,) -> Heliopolis | C4: 44287 | D4: 822
A5: El Akkad | B5: =VLOOKUP(A5,'Area Breakdown'!$B$1:$C$33,2,) -> Heliopolis | C5: 44287 | D5: 815.2
A6: Sheraton | B6: =VLOOKUP(A6,'Area Breakdown'!$B$1:$C$33,2,) -> Heliopolis | C6: 44287 | D6: 751.6
A7: Mohandessin | B7: =VLOOKUP(A7,'Area Breakdown'!$B$1:$C$33,2,) -> Downtown | C7: 44287 | D7: 726.4
A8: Family Mall | B8: =VLOOKUP(A8,'Area Breakdown'!$B$1:$C$33,2,) -> October | C8: 44287 | D8: 595.6
A9: Mobil-Sheraton | B9: =VLOOKUP(A9,'Area Breakdown'!$B$1:$C$33,2,) -> Heliopolis | C9: 44287 | D9: 561.2
A10: Ahram Mall | B10: =VLOOKUP(A10,'Area Breakdown'!$B$1:$C$33,2,) -> October | C10: 44287 | D10: 548.8
A11: Nasr Road | B11: =VLOOKUP(A11,'Area Breakdown'!$B$1:$C$33,2,) -> Downtown | C11: 44287 | D11: 509.2
A12: Mossadak | B12: =VLOOKUP(A12,'Area Breakdown'!$B$1:$C$33,2,) -> Downtown | C12: 44287 | D12: 506.8
A13: Cilantro 9 ST | B13: =VLOOKUP(A13,'Area Breakdown'!$B$1:$C$33,2,) -> Downtown | C13: 44287 | D13: 480
... A2928: City Light | B2928: =VLOOKUP(A2928,'Area Breakdown'!$B$1:$C$33,2,) -> Heliopolis | C2928: 44408 | D2928: 1298

Sheet Area Breakdown
B1: Store Name | C1: Area
B2: Bibliotheque | C2: Alexandria
B3: Gleem | C3: Alexandria
B4: COOP Roushdy | C4: Alexandria
B5: Zahran Smouha | C5: Alexandria
B6: El Tahrir | C6: Downtown
B7: Mohandessin | C7: Downtown
B8: EL Mesaha | C8: Downtown
B9: Haram | C9: Downtown
B10: Nasr Road | C10: Downtown
B11: Zamalek | C11: Downtown
B12: Cilantro 9 ST | C12: Downtown
... B33: Downtown | C33: New Cairo

Sheet Dashboard 
K1: Total Branches | P1: Total reveune From Apr to Jul
K4: =GETPIVOTDATA("[Measures].[Distinct Count of Store Name]",Max_branch!$E$19) -> 27 | P4: =GETPIVOTDATA("[Measures].[Sum of Revenue]",Max_branch!$E$19) -> 1761723.6
S9: Highest Branch
S11: Store Name | T11: Sum of Revenue
S12: Total 90 | T12: 144931.6
S13: El Tahrir | T13: 120517.6
S14: City Light | T14: 104645.6
S15: Cilantro 9 ST | T15: 103708.8
S16: El Akkad | T16: 99682
S17: Grand Total | T17: 573485.6
